tier,cell,temperature,episodes,k,n,meanRound1Coop,cpLo,cpHi,interior
tier-A,os-community,0.7,20,16,40,0.4,0.2486,0.5667,1
tier-A,os-swap,0.7,20,0,40,0.0,0.0,0.0881,0
tier-A,rep-d10-s2a,0.7,6,4,12,0.3333,0.0992,0.6511,1
tier-A,rep-d10-s2p,0.7,6,1,12,0.0833,0.0021,0.3848,0
tier-A,rep-d90-s2a,0.7,6,9,12,0.75,0.4281,0.9451,1
tier-A,rep-d90-s2p,0.7,6,4,12,0.3333,0.0992,0.6511,1
tier-C (gemini),os-swap,0.7,10,10,20,0.5,0.272,0.728,1
tier-C (gemini),rep-d90-s2a,0.7,4,4,8,0.5,0.157,0.843,1
tier-C (gemini),rep-d90-s2p,0.7,4,0,8,0.0,0.0,0.3694,0
